state,sector,date,value,year
Johor,domestic,1/1/03,560,2003
Johor,domestic,1/1/04,610,2004
Johor,domestic,1/1/05,621,2005
Johor,domestic,1/1/06,644,2006
Johor,domestic,1/1/07,664,2007
Johor,domestic,1/1/08,682,2008
Johor,domestic,1/1/09,713,2009
Johor,domestic,1/1/10,730,2010
Johor,domestic,1/1/11,738,2011
Johor,domestic,1/1/12,769,2012
Johor,domestic,1/1/13,797,2013
Johor,domestic,1/1/14,823,2014
Johor,domestic,1/1/15,811,2015
Johor,domestic,1/1/16,773,2016
Johor,domestic,1/1/17,785,2017
Johor,domestic,1/1/18,809,2018
Johor,domestic,1/1/19,835,2019
Johor,domestic,1/1/20,867,2020
Johor,domestic,1/1/21,879,2021
Johor,domestic,1/1/22,867,2022
Johor,nondomestic,1/1/03,246,2003
Johor,nondomestic,1/1/04,225,2004
Johor,nondomestic,1/1/05,235,2005
Johor,nondomestic,1/1/06,255,2006
Johor,nondomestic,1/1/07,289,2007
Johor,nondomestic,1/1/08,300,2008
Johor,nondomestic,1/1/09,285,2009
Johor,nondomestic,1/1/10,306,2010
Johor,nondomestic,1/1/11,323,2011
Johor,nondomestic,1/1/12,341,2012
Johor,nondomestic,1/1/13,366,2013
Johor,nondomestic,1/1/14,391,2014
Johor,nondomestic,1/1/15,448,2015
Johor,nondomestic,1/1/16,513,2016
Johor,nondomestic,1/1/17,535,2017
Johor,nondomestic,1/1/18,576,2018
Johor,nondomestic,1/1/19,599,2019
Johor,nondomestic,1/1/20,526,2020
Johor,nondomestic,1/1/21,505,2021
Johor,nondomestic,1/1/22,536,2022
Kedah,domestic,1/1/03,388,2003
Kedah,domestic,1/1/04,412,2004
Kedah,domestic,1/1/05,420,2005
Kedah,domestic,1/1/06,434,2006
Kedah,domestic,1/1/07,471,2007
Kedah,domestic,1/1/08,470,2008
Kedah,domestic,1/1/09,474,2009
Kedah,domestic,1/1/10,444,2010
Kedah,domestic,1/1/11,459,2011
Kedah,domestic,1/1/12,474,2012
Kedah,domestic,1/1/13,487,2013
Kedah,domestic,1/1/14,510,2014
Kedah,domestic,1/1/15,511,2015
Kedah,domestic,1/1/16,525,2016
Kedah,domestic,1/1/17,523,2017
Kedah,domestic,1/1/18,544,2018
Kedah,domestic,1/1/19,551,2019
Kedah,domestic,1/1/20,574,2020
Kedah,domestic,1/1/21,590,2021
Kedah,domestic,1/1/22,560,2022
Kedah,nondomestic,1/1/03,114,2003
Kedah,nondomestic,1/1/04,134,2004
Kedah,nondomestic,1/1/05,137,2005
Kedah,nondomestic,1/1/06,132,2006
Kedah,nondomestic,1/1/07,164,2007
Kedah,nondomestic,1/1/08,167,2008
Kedah,nondomestic,1/1/09,171,2009
Kedah,nondomestic,1/1/10,213,2010
Kedah,nondomestic,1/1/11,181,2011
Kedah,nondomestic,1/1/12,165,2012
Kedah,nondomestic,1/1/13,164,2013
Kedah,nondomestic,1/1/14,187,2014
Kedah,nondomestic,1/1/15,191,2015
Kedah,nondomestic,1/1/16,200,2016
Kedah,nondomestic,1/1/17,195,2017
Kedah,nondomestic,1/1/18,201,2018
Kedah,nondomestic,1/1/19,208,2019
Kedah,nondomestic,1/1/20,193,2020
Kedah,nondomestic,1/1/21,179,2021
Kedah,nondomestic,1/1/22,217,2022
Kelantan,domestic,1/1/03,94,2003
Kelantan,domestic,1/1/04,102,2004
Kelantan,domestic,1/1/05,111,2005
Kelantan,domestic,1/1/06,116,2006
Kelantan,domestic,1/1/07,120,2007
Kelantan,domestic,1/1/08,122,2008
Kelantan,domestic,1/1/09,124,2009
Kelantan,domestic,1/1/10,124,2010
Kelantan,domestic,1/1/11,123,2011
Kelantan,domestic,1/1/12,130,2012
Kelantan,domestic,1/1/13,140,2013
Kelantan,domestic,1/1/14,154,2014
Kelantan,domestic,1/1/15,159,2015
Kelantan,domestic,1/1/16,163,2016
Kelantan,domestic,1/1/17,162,2017
Kelantan,domestic,1/1/18,164,2018
Kelantan,domestic,1/1/19,163,2019
Kelantan,domestic,1/1/20,170,2020
Kelantan,domestic,1/1/21,171,2021
Kelantan,domestic,1/1/22,162,2022
Kelantan,nondomestic,1/1/03,35,2003
Kelantan,nondomestic,1/1/04,40,2004
Kelantan,nondomestic,1/1/05,46,2005
Kelantan,nondomestic,1/1/06,48,2006
Kelantan,nondomestic,1/1/07,49,2007
Kelantan,nondomestic,1/1/08,51,2008
Kelantan,nondomestic,1/1/09,53,2009
Kelantan,nondomestic,1/1/10,55,2010
Kelantan,nondomestic,1/1/11,56,2011
Kelantan,nondomestic,1/1/12,58,2012
Kelantan,nondomestic,1/1/13,62,2013
Kelantan,nondomestic,1/1/14,71,2014
Kelantan,nondomestic,1/1/15,73,2015
Kelantan,nondomestic,1/1/16,76,2016
Kelantan,nondomestic,1/1/17,79,2017
Kelantan,nondomestic,1/1/18,85,2018
Kelantan,nondomestic,1/1/19,85,2019
Kelantan,nondomestic,1/1/20,75,2020
Kelantan,nondomestic,1/1/21,68,2021
Kelantan,nondomestic,1/1/22,77,2022
Melaka,domestic,1/1/03,153,2003
Melaka,domestic,1/1/04,144,2004
Melaka,domestic,1/1/05,150,2005
Melaka,domestic,1/1/06,155,2006
Melaka,domestic,1/1/07,196,2007
Melaka,domestic,1/1/08,202,2008
Melaka,domestic,1/1/09,173,2009
Melaka,domestic,1/1/10,177,2010
Melaka,domestic,1/1/11,180,2011
Melaka,domestic,1/1/12,187,2012
Melaka,domestic,1/1/13,193,2013
Melaka,domestic,1/1/14,196,2014
Melaka,domestic,1/1/15,202,2015
Melaka,domestic,1/1/16,206,2016
Melaka,domestic,1/1/17,206,2017
Melaka,domestic,1/1/18,209,2018
Melaka,domestic,1/1/19,210,2019
Melaka,domestic,1/1/20,215,2020
Melaka,domestic,1/1/21,230,2021
Melaka,domestic,1/1/22,228,2022
Melaka,nondomestic,1/1/03,143,2003
Melaka,nondomestic,1/1/04,122,2004
Melaka,nondomestic,1/1/05,135,2005
Melaka,nondomestic,1/1/06,132,2006
Melaka,nondomestic,1/1/07,93,2007
Melaka,nondomestic,1/1/08,98,2008
Melaka,nondomestic,1/1/09,138,2009
Melaka,nondomestic,1/1/10,150,2010
Melaka,nondomestic,1/1/11,161,2011
Melaka,nondomestic,1/1/12,175,2012
Melaka,nondomestic,1/1/13,182,2013
Melaka,nondomestic,1/1/14,180,2014
Melaka,nondomestic,1/1/15,186,2015
Melaka,nondomestic,1/1/16,199,2016
Melaka,nondomestic,1/1/17,207,2017
Melaka,nondomestic,1/1/18,207,2018
Melaka,nondomestic,1/1/19,214,2019
Melaka,nondomestic,1/1/20,189,2020
Melaka,nondomestic,1/1/21,184,2021
Melaka,nondomestic,1/1/22,190,2022
Negeri Sembilan,domestic,1/1/03,184,2003
Negeri Sembilan,domestic,1/1/04,183,2004
Negeri Sembilan,domestic,1/1/05,181,2005
Negeri Sembilan,domestic,1/1/06,190,2006
Negeri Sembilan,domestic,1/1/07,231,2007
Negeri Sembilan,domestic,1/1/08,237,2008
Negeri Sembilan,domestic,1/1/09,213,2009
Negeri Sembilan,domestic,1/1/10,229,2010
Negeri Sembilan,domestic,1/1/11,239,2011
Negeri Sembilan,domestic,1/1/12,247,2012
Negeri Sembilan,domestic,1/1/13,255,2013
Negeri Sembilan,domestic,1/1/14,259,2014
Negeri Sembilan,domestic,1/1/15,276,2015
Negeri Sembilan,domestic,1/1/16,287,2016
Negeri Sembilan,domestic,1/1/17,288,2017
Negeri Sembilan,domestic,1/1/18,293,2018
Negeri Sembilan,domestic,1/1/19,294,2019
Negeri Sembilan,domestic,1/1/20,318,2020
Negeri Sembilan,domestic,1/1/21,327,2021
Negeri Sembilan,domestic,1/1/22,307,2022
Negeri Sembilan,nondomestic,1/1/03,122,2003
Negeri Sembilan,nondomestic,1/1/04,112,2004
Negeri Sembilan,nondomestic,1/1/05,121,2005
Negeri Sembilan,nondomestic,1/1/06,108,2006
Negeri Sembilan,nondomestic,1/1/07,87,2007
Negeri Sembilan,nondomestic,1/1/08,92,2008
Negeri Sembilan,nondomestic,1/1/09,122,2009
Negeri Sembilan,nondomestic,1/1/10,180,2010
Negeri Sembilan,nondomestic,1/1/11,172,2011
Negeri Sembilan,nondomestic,1/1/12,192,2012
Negeri Sembilan,nondomestic,1/1/13,213,2013
Negeri Sembilan,nondomestic,1/1/14,217,2014
Negeri Sembilan,nondomestic,1/1/15,217,2015
Negeri Sembilan,nondomestic,1/1/16,233,2016
Negeri Sembilan,nondomestic,1/1/17,231,2017
Negeri Sembilan,nondomestic,1/1/18,238,2018
Negeri Sembilan,nondomestic,1/1/19,244,2019
Negeri Sembilan,nondomestic,1/1/20,222,2020
Negeri Sembilan,nondomestic,1/1/21,222,2021
Negeri Sembilan,nondomestic,1/1/22,231,2022
Pahang,domestic,1/1/03,211,2003
Pahang,domestic,1/1/04,214,2004
Pahang,domestic,1/1/05,223,2005
Pahang,domestic,1/1/06,233,2006
Pahang,domestic,1/1/07,308,2007
Pahang,domestic,1/1/08,320,2008
Pahang,domestic,1/1/09,271,2009
Pahang,domestic,1/1/10,264,2010
Pahang,domestic,1/1/11,286,2011
Pahang,domestic,1/1/12,287,2012
Pahang,domestic,1/1/13,299,2013
Pahang,domestic,1/1/14,303,2014
Pahang,domestic,1/1/15,309,2015
Pahang,domestic,1/1/16,342,2016
Pahang,domestic,1/1/17,333,2017
Pahang,domestic,1/1/18,333,2018
Pahang,domestic,1/1/19,339,2019
Pahang,domestic,1/1/20,367,2020
Pahang,domestic,1/1/21,391,2021
Pahang,domestic,1/1/22,385,2022
Pahang,nondomestic,1/1/03,131,2003
Pahang,nondomestic,1/1/04,136,2004
Pahang,nondomestic,1/1/05,134,2005
Pahang,nondomestic,1/1/06,142,2006
Pahang,nondomestic,1/1/07,104,2007
Pahang,nondomestic,1/1/08,111,2008
Pahang,nondomestic,1/1/09,96,2009
Pahang,nondomestic,1/1/10,168,2010
Pahang,nondomestic,1/1/11,186,2011
Pahang,nondomestic,1/1/12,209,2012
Pahang,nondomestic,1/1/13,205,2013
Pahang,nondomestic,1/1/14,216,2014
Pahang,nondomestic,1/1/15,223,2015
Pahang,nondomestic,1/1/16,238,2016
Pahang,nondomestic,1/1/17,250,2017
Pahang,nondomestic,1/1/18,256,2018
Pahang,nondomestic,1/1/19,288,2019
Pahang,nondomestic,1/1/20,264,2020
Pahang,nondomestic,1/1/21,251,2021
Pahang,nondomestic,1/1/22,283,2022
Perak,domestic,1/1/03,450,2003
Perak,domestic,1/1/04,474,2004
Perak,domestic,1/1/05,487,2005
Perak,domestic,1/1/06,486,2006
Perak,domestic,1/1/07,496,2007
Perak,domestic,1/1/08,508,2008
Perak,domestic,1/1/09,526,2009
Perak,domestic,1/1/10,552,2010
Perak,domestic,1/1/11,556,2011
Perak,domestic,1/1/12,592,2012
Perak,domestic,1/1/13,607,2013
Perak,domestic,1/1/14,623,2014
Perak,domestic,1/1/15,628,2015
Perak,domestic,1/1/16,655,2016
Perak,domestic,1/1/17,648,2017
Perak,domestic,1/1/18,665,2018
Perak,domestic,1/1/19,679,2019
Perak,domestic,1/1/20,706,2020
Perak,domestic,1/1/21,703,2021
Perak,domestic,1/1/22,699,2022
Perak,nondomestic,1/1/03,150,2003
Perak,nondomestic,1/1/04,161,2004
Perak,nondomestic,1/1/05,175,2005
Perak,nondomestic,1/1/06,182,2006
Perak,nondomestic,1/1/07,185,2007
Perak,nondomestic,1/1/08,190,2008
Perak,nondomestic,1/1/09,194,2009
Perak,nondomestic,1/1/10,210,2010
Perak,nondomestic,1/1/11,216,2011
Perak,nondomestic,1/1/12,217,2012
Perak,nondomestic,1/1/13,228,2013
Perak,nondomestic,1/1/14,236,2014
Perak,nondomestic,1/1/15,250,2015
Perak,nondomestic,1/1/16,262,2016
Perak,nondomestic,1/1/17,260,2017
Perak,nondomestic,1/1/18,268,2018
Perak,nondomestic,1/1/19,278,2019
Perak,nondomestic,1/1/20,266,2020
Perak,nondomestic,1/1/21,266,2021
Perak,nondomestic,1/1/22,289,2022
Perlis,domestic,1/1/03,47,2003
Perlis,domestic,1/1/04,50,2004
Perlis,domestic,1/1/05,50,2005
Perlis,domestic,1/1/06,51,2006
Perlis,domestic,1/1/07,50,2007
Perlis,domestic,1/1/08,54,2008
Perlis,domestic,1/1/09,49,2009
Perlis,domestic,1/1/10,63,2010
Perlis,domestic,1/1/11,62,2011
Perlis,domestic,1/1/12,57,2012
Perlis,domestic,1/1/13,65,2013
Perlis,domestic,1/1/14,81,2014
Perlis,domestic,1/1/15,81,2015
Perlis,domestic,1/1/16,82,2016
Perlis,domestic,1/1/17,78,2017
Perlis,domestic,1/1/18,80,2018
Perlis,domestic,1/1/19,80,2019
Perlis,domestic,1/1/20,78,2020
Perlis,domestic,1/1/21,80,2021
Perlis,domestic,1/1/22,80,2022
Perlis,nondomestic,1/1/03,7,2003
Perlis,nondomestic,1/1/04,12,2004
Perlis,nondomestic,1/1/05,9,2005
Perlis,nondomestic,1/1/06,10,2006
Perlis,nondomestic,1/1/07,14,2007
Perlis,nondomestic,1/1/08,9,2008
Perlis,nondomestic,1/1/09,11,2009
Perlis,nondomestic,1/1/10,9,2010
Perlis,nondomestic,1/1/11,11,2011
Perlis,nondomestic,1/1/12,10,2012
Perlis,nondomestic,1/1/13,15,2013
Perlis,nondomestic,1/1/14,15,2014
Perlis,nondomestic,1/1/15,15,2015
Perlis,nondomestic,1/1/16,14,2016
Perlis,nondomestic,1/1/17,11,2017
Perlis,nondomestic,1/1/18,10,2018
Perlis,nondomestic,1/1/19,12,2019
Perlis,nondomestic,1/1/20,12,2020
Perlis,nondomestic,1/1/21,11,2021
Perlis,nondomestic,1/1/22,18,2022
Pulau Pinang,domestic,1/1/03,377,2003
Pulau Pinang,domestic,1/1/04,388,2004
Pulau Pinang,domestic,1/1/05,400,2005
Pulau Pinang,domestic,1/1/06,408,2006
Pulau Pinang,domestic,1/1/07,427,2007
Pulau Pinang,domestic,1/1/08,439,2008
Pulau Pinang,domestic,1/1/09,451,2009
Pulau Pinang,domestic,1/1/10,468,2010
Pulau Pinang,domestic,1/1/11,459,2011
Pulau Pinang,domestic,1/1/12,475,2012
Pulau Pinang,domestic,1/1/13,481,2013
Pulau Pinang,domestic,1/1/14,483,2014
Pulau Pinang,domestic,1/1/15,483,2015
Pulau Pinang,domestic,1/1/16,492,2016
Pulau Pinang,domestic,1/1/17,482,2017
Pulau Pinang,domestic,1/1/18,491,2018
Pulau Pinang,domestic,1/1/19,499,2019
Pulau Pinang,domestic,1/1/20,533,2020
Pulau Pinang,domestic,1/1/21,547,2021
Pulau Pinang,domestic,1/1/22,534,2022
Pulau Pinang,nondomestic,1/1/03,235,2003
Pulau Pinang,nondomestic,1/1/04,250,2004
Pulau Pinang,nondomestic,1/1/05,261,2005
Pulau Pinang,nondomestic,1/1/06,275,2006
Pulau Pinang,nondomestic,1/1/07,293,2007
Pulau Pinang,nondomestic,1/1/08,305,2008
Pulau Pinang,nondomestic,1/1/09,288,2009
Pulau Pinang,nondomestic,1/1/10,315,2010
Pulau Pinang,nondomestic,1/1/11,317,2011
Pulau Pinang,nondomestic,1/1/12,321,2012
Pulau Pinang,nondomestic,1/1/13,327,2013
Pulau Pinang,nondomestic,1/1/14,330,2014
Pulau Pinang,nondomestic,1/1/15,329,2015
Pulau Pinang,nondomestic,1/1/16,335,2016
Pulau Pinang,nondomestic,1/1/17,344,2017
Pulau Pinang,nondomestic,1/1/18,349,2018
Pulau Pinang,nondomestic,1/1/19,343,2019
Pulau Pinang,nondomestic,1/1/20,314,2020
Pulau Pinang,nondomestic,1/1/21,313,2021
Pulau Pinang,nondomestic,1/1/22,334,2022
Sabah,domestic,1/1/03,156,2003
Sabah,domestic,1/1/04,207,2004
Sabah,domestic,1/1/05,254,2005
Sabah,domestic,1/1/06,294,2006
Sabah,domestic,1/1/07,294,2007
Sabah,domestic,1/1/08,252,2008
Sabah,domestic,1/1/09,259,2009
Sabah,domestic,1/1/10,222,2010
Sabah,domestic,1/1/11,279,2011
Sabah,domestic,1/1/12,305,2012
Sabah,domestic,1/1/13,314,2013
Sabah,domestic,1/1/14,330,2014
Sabah,domestic,1/1/15,315,2015
Sabah,domestic,1/1/16,338,2016
Sabah,domestic,1/1/17,323,2017
Sabah,domestic,1/1/18,341,2018
Sabah,domestic,1/1/19,366,2019
Sabah,domestic,1/1/20,313,2020
Sabah,domestic,1/1/21,425,2021
Sabah,domestic,1/1/22,394,2022
Sabah,nondomestic,1/1/03,97,2003
Sabah,nondomestic,1/1/04,106,2004
Sabah,nondomestic,1/1/05,62,2005
Sabah,nondomestic,1/1/06,26,2006
Sabah,nondomestic,1/1/07,44,2007
Sabah,nondomestic,1/1/08,112,2008
Sabah,nondomestic,1/1/09,185,2009
Sabah,nondomestic,1/1/10,175,2010
Sabah,nondomestic,1/1/11,206,2011
Sabah,nondomestic,1/1/12,225,2012
Sabah,nondomestic,1/1/13,216,2013
Sabah,nondomestic,1/1/14,248,2014
Sabah,nondomestic,1/1/15,237,2015
Sabah,nondomestic,1/1/16,249,2016
Sabah,nondomestic,1/1/17,259,2017
Sabah,nondomestic,1/1/18,275,2018
Sabah,nondomestic,1/1/19,278,2019
Sabah,nondomestic,1/1/20,224,2020
Sabah,nondomestic,1/1/21,225,2021
Sabah,nondomestic,1/1/22,238,2022
Sarawak,domestic,1/1/03,289,2003
Sarawak,domestic,1/1/04,336,2004
Sarawak,domestic,1/1/05,327,2005
Sarawak,domestic,1/1/06,352,2006
Sarawak,domestic,1/1/07,400,2007
Sarawak,domestic,1/1/08,409,2008
Sarawak,domestic,1/1/09,441,2009
Sarawak,domestic,1/1/10,449,2010
Sarawak,domestic,1/1/11,431,2011
Sarawak,domestic,1/1/12,432,2012
Sarawak,domestic,1/1/13,446,2013
Sarawak,domestic,1/1/14,469,2014
Sarawak,domestic,1/1/15,478,2015
Sarawak,domestic,1/1/16,463,2016
Sarawak,domestic,1/1/17,476,2017
Sarawak,domestic,1/1/18,487,2018
Sarawak,domestic,1/1/19,499,2019
Sarawak,domestic,1/1/20,548,2020
Sarawak,domestic,1/1/21,579,2021
Sarawak,domestic,1/1/22,602,2022
Sarawak,nondomestic,1/1/03,201,2003
Sarawak,nondomestic,1/1/04,227,2004
Sarawak,nondomestic,1/1/05,220,2005
Sarawak,nondomestic,1/1/06,226,2006
Sarawak,nondomestic,1/1/07,259,2007
Sarawak,nondomestic,1/1/08,266,2008
Sarawak,nondomestic,1/1/09,274,2009
Sarawak,nondomestic,1/1/10,324,2010
Sarawak,nondomestic,1/1/11,321,2011
Sarawak,nondomestic,1/1/12,336,2012
Sarawak,nondomestic,1/1/13,345,2013
Sarawak,nondomestic,1/1/14,341,2014
Sarawak,nondomestic,1/1/15,368,2015
Sarawak,nondomestic,1/1/16,385,2016
Sarawak,nondomestic,1/1/17,395,2017
Sarawak,nondomestic,1/1/18,409,2018
Sarawak,nondomestic,1/1/19,468,2019
Sarawak,nondomestic,1/1/20,448,2020
Sarawak,nondomestic,1/1/21,440,2021
Sarawak,nondomestic,1/1/22,463,2022
Selangor,domestic,1/1/03,1312,2003
Selangor,domestic,1/1/04,1474,2004
Selangor,domestic,1/1/05,1579,2005
Selangor,domestic,1/1/06,1460,2006
Selangor,domestic,1/1/07,1520,2007
Selangor,domestic,1/1/08,1562,2008
Selangor,domestic,1/1/09,1621,2009
Selangor,domestic,1/1/10,1655,2010
Selangor,domestic,1/1/11,1653,2011
Selangor,domestic,1/1/12,1686,2012
Selangor,domestic,1/1/13,1735,2013
Selangor,domestic,1/1/14,1779,2014
Selangor,domestic,1/1/15,1862,2015
Selangor,domestic,1/1/16,1883,2016
Selangor,domestic,1/1/17,1870,2017
Selangor,domestic,1/1/18,1916,2018
Selangor,domestic,1/1/19,2012,2019
Selangor,domestic,1/1/20,2186,2020
Selangor,domestic,1/1/21,2294,2021
Selangor,domestic,1/1/22,2230,2022
Selangor,nondomestic,1/1/03,673,2003
Selangor,nondomestic,1/1/04,694,2004
Selangor,nondomestic,1/1/05,717,2005
Selangor,nondomestic,1/1/06,932,2006
Selangor,nondomestic,1/1/07,969,2007
Selangor,nondomestic,1/1/08,1006,2008
Selangor,nondomestic,1/1/09,1029,2009
Selangor,nondomestic,1/1/10,1090,2010
Selangor,nondomestic,1/1/11,1135,2011
Selangor,nondomestic,1/1/12,1207,2012
Selangor,nondomestic,1/1/13,1254,2013
Selangor,nondomestic,1/1/14,1268,2014
Selangor,nondomestic,1/1/15,1316,2015
Selangor,nondomestic,1/1/16,1336,2016
Selangor,nondomestic,1/1/17,1373,2017
Selangor,nondomestic,1/1/18,1400,2018
Selangor,nondomestic,1/1/19,1459,2019
Selangor,nondomestic,1/1/20,1362,2020
Selangor,nondomestic,1/1/21,1315,2021
Selangor,nondomestic,1/1/22,1350,2022
Terengganu,domestic,1/1/03,156,2003
Terengganu,domestic,1/1/04,162,2004
Terengganu,domestic,1/1/05,172,2005
Terengganu,domestic,1/1/06,185,2006
Terengganu,domestic,1/1/07,187,2007
Terengganu,domestic,1/1/08,190,2008
Terengganu,domestic,1/1/09,198,2009
Terengganu,domestic,1/1/10,206,2010
Terengganu,domestic,1/1/11,208,2011
Terengganu,domestic,1/1/12,216,2012
Terengganu,domestic,1/1/13,230,2013
Terengganu,domestic,1/1/14,241,2014
Terengganu,domestic,1/1/15,246,2015
Terengganu,domestic,1/1/16,264,2016
Terengganu,domestic,1/1/17,256,2017
Terengganu,domestic,1/1/18,255,2018
Terengganu,domestic,1/1/19,266,2019
Terengganu,domestic,1/1/20,286,2020
Terengganu,domestic,1/1/21,302,2021
Terengganu,domestic,1/1/22,286,2022
Terengganu,nondomestic,1/1/03,118,2003
Terengganu,nondomestic,1/1/04,108,2004
Terengganu,nondomestic,1/1/05,105,2005
Terengganu,nondomestic,1/1/06,124,2006
Terengganu,nondomestic,1/1/07,135,2007
Terengganu,nondomestic,1/1/08,149,2008
Terengganu,nondomestic,1/1/09,155,2009
Terengganu,nondomestic,1/1/10,157,2010
Terengganu,nondomestic,1/1/11,163,2011
Terengganu,nondomestic,1/1/12,173,2012
Terengganu,nondomestic,1/1/13,183,2013
Terengganu,nondomestic,1/1/14,179,2014
Terengganu,nondomestic,1/1/15,182,2015
Terengganu,nondomestic,1/1/16,176,2016
Terengganu,nondomestic,1/1/17,171,2017
Terengganu,nondomestic,1/1/18,169,2018
Terengganu,nondomestic,1/1/19,176,2019
Terengganu,nondomestic,1/1/20,165,2020
Terengganu,nondomestic,1/1/21,161,2021
Terengganu,nondomestic,1/1/22,173,2022
W.P. Labuan,domestic,1/1/03,16,2003
W.P. Labuan,domestic,1/1/04,16,2004
W.P. Labuan,domestic,1/1/05,18,2005
W.P. Labuan,domestic,1/1/06,17,2006
W.P. Labuan,domestic,1/1/07,18,2007
W.P. Labuan,domestic,1/1/08,19,2008
W.P. Labuan,domestic,1/1/09,18,2009
W.P. Labuan,domestic,1/1/10,19,2010
W.P. Labuan,domestic,1/1/11,21,2011
W.P. Labuan,domestic,1/1/12,16,2012
W.P. Labuan,domestic,1/1/13,16,2013
W.P. Labuan,domestic,1/1/14,17,2014
W.P. Labuan,domestic,1/1/15,17,2015
W.P. Labuan,domestic,1/1/16,17,2016
W.P. Labuan,domestic,1/1/17,17,2017
W.P. Labuan,domestic,1/1/18,18,2018
W.P. Labuan,domestic,1/1/19,18,2019
W.P. Labuan,domestic,1/1/20,17,2020
W.P. Labuan,domestic,1/1/21,20,2021
W.P. Labuan,domestic,1/1/22,19,2022
W.P. Labuan,nondomestic,1/1/03,9,2003
W.P. Labuan,nondomestic,1/1/04,10,2004
W.P. Labuan,nondomestic,1/1/05,10,2005
W.P. Labuan,nondomestic,1/1/06,10,2006
W.P. Labuan,nondomestic,1/1/07,11,2007
W.P. Labuan,nondomestic,1/1/08,12,2008
W.P. Labuan,nondomestic,1/1/09,18,2009
W.P. Labuan,nondomestic,1/1/10,18,2010
W.P. Labuan,nondomestic,1/1/11,20,2011
W.P. Labuan,nondomestic,1/1/12,30,2012
W.P. Labuan,nondomestic,1/1/13,31,2013
W.P. Labuan,nondomestic,1/1/14,31,2014
W.P. Labuan,nondomestic,1/1/15,32,2015
W.P. Labuan,nondomestic,1/1/16,33,2016
W.P. Labuan,nondomestic,1/1/17,31,2017
W.P. Labuan,nondomestic,1/1/18,33,2018
W.P. Labuan,nondomestic,1/1/19,36,2019
W.P. Labuan,nondomestic,1/1/20,40,2020
W.P. Labuan,nondomestic,1/1/21,32,2021
W.P. Labuan,nondomestic,1/1/22,33,2022
Kuala Lumpur,domestic,1/1/03,1312,2003
Kuala Lumpur,domestic,1/1/04,1474,2004
Kuala Lumpur,domestic,1/1/05,1579,2005
Kuala Lumpur,domestic,1/1/06,1460,2006
Kuala Lumpur,domestic,1/1/07,1520,2007
Kuala Lumpur,domestic,1/1/08,1562,2008
Kuala Lumpur,domestic,1/1/09,1621,2009
Kuala Lumpur,domestic,1/1/10,1655,2010
Kuala Lumpur,domestic,1/1/11,1653,2011
Kuala Lumpur,domestic,1/1/12,1686,2012
Kuala Lumpur,domestic,1/1/13,1735,2013
Kuala Lumpur,domestic,1/1/14,1779,2014
Kuala Lumpur,domestic,1/1/15,1862,2015
Kuala Lumpur,domestic,1/1/16,1883,2016
Kuala Lumpur,domestic,1/1/17,1870,2017
Kuala Lumpur,domestic,1/1/18,1916,2018
Kuala Lumpur,domestic,1/1/19,2012,2019
Kuala Lumpur,domestic,1/1/20,2186,2020
Kuala Lumpur,domestic,1/1/21,2294,2021
Kuala Lumpur,domestic,1/1/22,2230,2022
Kuala Lumpur,nondomestic,1/1/03,673,2003
Kuala Lumpur,nondomestic,1/1/04,694,2004
Kuala Lumpur,nondomestic,1/1/05,717,2005
Kuala Lumpur,nondomestic,1/1/06,932,2006
Kuala Lumpur,nondomestic,1/1/07,969,2007
Kuala Lumpur,nondomestic,1/1/08,1006,2008
Kuala Lumpur,nondomestic,1/1/09,1029,2009
Kuala Lumpur,nondomestic,1/1/10,1090,2010
Kuala Lumpur,nondomestic,1/1/11,1135,2011
Kuala Lumpur,nondomestic,1/1/12,1207,2012
Kuala Lumpur,nondomestic,1/1/13,1254,2013
Kuala Lumpur,nondomestic,1/1/14,1268,2014
Kuala Lumpur,nondomestic,1/1/15,1316,2015
Kuala Lumpur,nondomestic,1/1/16,1336,2016
Kuala Lumpur,nondomestic,1/1/17,1373,2017
Kuala Lumpur,nondomestic,1/1/18,1400,2018
Kuala Lumpur,nondomestic,1/1/19,1459,2019
Kuala Lumpur,nondomestic,1/1/20,1362,2020
Kuala Lumpur,nondomestic,1/1/21,1315,2021
Kuala Lumpur,nondomestic,1/1/22,1350,2022
W.P. Putrajaya ,domestic,1/1/03,1312,2003
W.P. Putrajaya ,domestic,1/1/04,1474,2004
W.P. Putrajaya ,domestic,1/1/05,1579,2005
W.P. Putrajaya ,domestic,1/1/06,1460,2006
W.P. Putrajaya ,domestic,1/1/07,1520,2007
W.P. Putrajaya ,domestic,1/1/08,1562,2008
W.P. Putrajaya ,domestic,1/1/09,1621,2009
W.P. Putrajaya ,domestic,1/1/10,1655,2010
W.P. Putrajaya ,domestic,1/1/11,1653,2011
W.P. Putrajaya ,domestic,1/1/12,1686,2012
W.P. Putrajaya ,domestic,1/1/13,1735,2013
W.P. Putrajaya ,domestic,1/1/14,1779,2014
W.P. Putrajaya ,domestic,1/1/15,1862,2015
W.P. Putrajaya ,domestic,1/1/16,1883,2016
W.P. Putrajaya ,domestic,1/1/17,1870,2017
W.P. Putrajaya ,domestic,1/1/18,1916,2018
W.P. Putrajaya ,domestic,1/1/19,2012,2019
W.P. Putrajaya ,domestic,1/1/20,2186,2020
W.P. Putrajaya ,domestic,1/1/21,2294,2021
W.P. Putrajaya ,domestic,1/1/22,2230,2022
W.P. Putrajaya ,nondomestic,1/1/03,673,2003
W.P. Putrajaya ,nondomestic,1/1/04,694,2004
W.P. Putrajaya ,nondomestic,1/1/05,717,2005
W.P. Putrajaya ,nondomestic,1/1/06,932,2006
W.P. Putrajaya ,nondomestic,1/1/07,969,2007
W.P. Putrajaya ,nondomestic,1/1/08,1006,2008
W.P. Putrajaya ,nondomestic,1/1/09,1029,2009
W.P. Putrajaya ,nondomestic,1/1/10,1090,2010
W.P. Putrajaya ,nondomestic,1/1/11,1135,2011
W.P. Putrajaya ,nondomestic,1/1/12,1207,2012
W.P. Putrajaya ,nondomestic,1/1/13,1254,2013
W.P. Putrajaya ,nondomestic,1/1/14,1268,2014
W.P. Putrajaya ,nondomestic,1/1/15,1316,2015
W.P. Putrajaya ,nondomestic,1/1/16,1336,2016
W.P. Putrajaya ,nondomestic,1/1/17,1373,2017
W.P. Putrajaya ,nondomestic,1/1/18,1400,2018
W.P. Putrajaya ,nondomestic,1/1/19,1459,2019
W.P. Putrajaya ,nondomestic,1/1/20,1362,2020
W.P. Putrajaya ,nondomestic,1/1/21,1315,2021
W.P. Putrajaya ,nondomestic,1/1/22,1350,2022